station,x,y,elevation,est. elevation,d_elevation,%error,type,x_model,y_model
MGL,492485,4175572,1523.938103,1475.97302246094,47.96508053906,3.14744282885484,TILT,42485,50572
MGT,493570.309735367,4179633.36435222,1591,1564.36206054688,26.63793945312,1.67428909196229,TILT,43570.309735367,54633.3643522202
MEG,493577,4179672,1605.339994,1564.90197753906,40.4380164609399,2.51896897928651,TILT,43577,54672
MLT,493924.913409954,4182739.63827835,1511,1488.78503417969,22.21496582031,1.47021613635407,TILT,43924.913409954,57739.6382783498
MMT,493939,4182689,1550.798265,1504.32897949219,46.4692855078099,2.9964752061294,TILT,43939,57689
EC1,494270.234676527,4172865.07394683,1480,1465.0849609375,14.9150390625,1.00777290962838,TILT,44270.234676527,47865.0739468299
MSP,495511,4186147,1470.80514,1417.99304199219,52.8120980078099,3.59069305454086,TILT,45511,61147
MSC,496301.373900216,4181074.00699215,1678,1820.79296875,-142.79296875,-8.50971208283671,TILT,46301.373900216,56074.0069921501
MDZ,496547,4172161,1694.454261,1649.06005859375,45.3942024062501,2.6789865888419,TILT,46547,47161
PLC,498740,4179753,2922.456303,2911.94189453125,10.5144084687499,0.359779835132404,TILT,48740,54753
ECP,498895,4177418,3006.023599,3006.7919921875,-0.768393187499896,-0.0255617816092832,TILT,48895,52418
INT,500440.739312236,4173084.99101846,2000,2002.95104980469,-2.95104980469,-0.1475524902345,TILT,50440.739312236,48084.9910184601
DAM,500831,4186121,1744.627451,1705.19201660156,39.4354343984401,2.26039286357876,TILT,50831,61121
PDN,501480,4179842,2824.876597,2816.39697265625,8.47962434374995,0.300176806050758,TILT,51480,54842
SPC,501851.52782883,4171199.09883177,1659,1615.82800292969,43.17199707031,2.60229035987402,TILT,51851.52782883,46199.09883177
MNR,502273,4184921,1945.430721,1899.51696777344,45.9137532265599,2.36008163801172,TILT,52273,59921
MCN,502921,4182650,1908.14233,1868.82995605469,39.3123739453099,2.06024327049596,TILT,52921,57650
CUAD,503800.063550222,4151895.40895906,141,141.848205566406,-0.848205566405994,-0.601564231493613,TILT,53800.063550222,26895.40895906
CDV,503924,4172470,1506.525839,1462.93896484375,43.5868741562499,2.8932045523482,TILT,53924,47470
MAS,504640,4159120,450,448.67919921875,1.32080078125,0.293511284722222,TILT,54640,34120
ECIT,505284.961409282,4179188.76010177,1740,1662.22998046875,77.77001953125,4.46954135237069,TILT,55284.961409282,54188.7601017701
ECOR,506161.635879278,4184736.77380879,1450,1440.40100097656,9.59899902344,0.661999932651035,TILT,56161.635879278,59736.7738087899
EC10,507276,4171590,1017,1015.59002685547,1.40997314453,0.138640427190757,TILT,57276,46590
FAR,507317.550886287,4171645.91690406,1017,1010.06402587891,6.93597412109,0.682003355072763,TILT,57317.550886287,46645.9169040602
CBD,507617,4181490,1445,1407.68701171875,37.31298828125,2.58221372188581,TILT,57617,56490
DRUV,489692.5,4177729,1251.572593,1208.40197753906,43.1706154609401,3.44930974858285,STRAIN,39692.5,52729
DEGI,493605.6,4179677.7,1608.295884,1569.25,39.0458839999999,2.42777988729839,STRAIN,43605.6,54677.7000000002
DMSC,495249.5,4180514,1704.474847,1667.92895507812,36.54589192188,2.14411447527098,STRAIN,45249.5,55514
DPDN,501478,4179831,2823.431697,2818.15991210938,5.27178489061998,0.186715509931459,STRAIN,51478,54831
CAGR,455875.640905441,4163772.11927152,548,479.119384765625,68.880615234375,12.56945533474,SEISMIC,5875.64090544102,38772.1192715201
GALF,462098.875166389,4173726.70468027,740,690.307678222656,49.692321777344,6.71517861856,SEISMIC,12098.875166389,48726.7046802701
ME02,464017.689738345,4209222.90561656,677,537.307006835938,139.692993164062,20.63412011286,SEISMIC,14017.689738345,84222.90561656
MNO,473635.755326478,4198090.8479921,1830,1770.08203125,59.91796875,3.27420594262295,SEISMIC,23635.755326478,73090.8479920998
ECNV,474401.072860265,4161475.22707887,484,372.909912109375,111.090087890625,22.952497498063,SEISMIC,24401.072860265,36475.2270788699
MCPD,476333.380224381,4219163.82821004,199,127.449798583984,71.550201416016,35.9548750834251,SEISMIC,26333.380224381,94163.82821004
ME07,483336.638470528,4214708.28615405,739,658.797485351562,80.202514648438,10.8528436601405,SEISMIC,33336.638470528,89708.2861540504
ESCV,484142.975996214,4178092.83987504,640,668.542114257812,-28.542114257812,-4.45970535278313,SEISMIC,34142.975996214,53092.8398750401
EPZF,487678.388485219,4185853.18234523,1140,973.165771484375,166.834228515625,14.634581448739,SEISMIC,37678.388485219,60853.1823452301
HLNI,488486.341911051,4133708.08046687,146,65.8820724487305,80.1179275512695,54.8752928433353,SEISMIC,38486.341911051,8708.08046687022
MUCR,488592.547689797,4210261.09205224,1042,974.454711914062,67.545288085938,6.48227332878483,SEISMIC,38592.547689797,85261.0920522399
ESML,489410.186769324,4163661.36317158,417,381.147308349609,35.852691650391,8.59776778186835,SEISMIC,39410.186769324,38661.3631715798
ECZM,491188.173873222,4175863.35251996,1391,1301.18298339844,89.81701660156,6.4570105392926,SEISMIC,41188.173873222,50863.3525199601
ME15,491240.57286604,4224681.86944705,116,111.800598144531,4.19940185546901,3.62017401333535,SEISMIC,41240.57286604,99681.8694470497
ECHR,492065.092673929,4171424.59358125,1168,1151.19799804688,16.80200195312,1.43852756447945,SEISMIC,42065.092673929,46424.5935812499
LIBRI,493860.86883182,4214693.55893302,945,801.315612792969,143.684387207031,15.2046970589451,SEISMIC,43860.86883182,89693.5589330196
EMSA,495580.496169483,4150342.51430081,140,149.572204589844,-9.57220458984401,-6.83728899274572,SEISMIC,45580.496169483,25342.5143008102
ESVO,495596.458701021,4180297.71742824,1736,1699.8349609375,36.1650390625,2.08323957733295,SEISMIC,45596.458701021,55297.71742824
EMSG,495599.425689297,4185845.12839484,1435,1451.42504882812,-16.42504882812,-1.14460270579233,SEISMIC,45599.425689297,60845.1283948398
EMPL,497354.676550698,4170311.74449603,1484,1457.03796386719,26.96203613281,1.81684879601146,SEISMIC,47354.676550698,45311.7444960298
ESLN,497355.031452273,4171421.20593822,1787,1665.88098144531,121.11901855469,6.77778503383828,SEISMIC,47355.031452273,46421.20593822
ECPN,499118.935736836,4176968.16448862,3038,2942.93798828125,95.06201171875,3.12909847658822,SEISMIC,49118.935736836,51968.1644886201
EMFS,499999.999769339,4174749.17796198,2552,2516.82104492188,35.17895507812,1.37848570055329,SEISMIC,49999.999769339,49749.17796198
ECNE,500000.000140075,4180296.54122478,2946,2801.85888671875,144.14111328125,4.89277370269009,SEISMIC,50000.000140075,55296.54122478
EPDN,501761.416361188,4180296.72959398,2862,2578.0419921875,283.9580078125,9.92166344558001,SEISMIC,51761.416361188,55296.7295939801
ENIC,501764.731948444,4164764.23187827,877,825.87451171875,51.12548828125,5.82958817346066,SEISMIC,51764.731948444,39764.2318782699
EMNR,502640.344842282,4185844.37503325,1845,1701.01098632812,143.98901367188,7.80428258384174,SEISMIC,52640.344842282,60844.3750332501
EMCN,502641.413392117,4182515.92332929,1916,1927.59802246094,-11.59802246094,-0.605324763097077,SEISMIC,52641.413392117,57515.92332929
ESPC,502644.968423773,4171421.20585598,1655,1547.9150390625,107.0849609375,6.47039038897281,SEISMIC,52644.968423773,46421.2058559801
EMAS,504414.784547869,4159217.98733286,612,451.560699462891,160.439300537109,26.2155719831877,SEISMIC,54414.784547869,34217.98733286
EPIT,505281.402239725,4184736.1603297,1657,1535.14001464844,121.85998535156,7.35425379309354,SEISMIC,55281.402239725,59736.1603297
ECBD,507925.307291155,4181409.83315232,1465,1378.75598144531,86.24401855469,5.88696372386962,SEISMIC,57925.307291155,56409.8331523198
EMFO,507929.576433561,4176971.92946272,1209,1132.166015625,76.833984375,6.35516826923077,SEISMIC,57929.576433561,51971.9294627202
GIO,509713.826231868,4158113.05725309,200,329.808685302734,-129.808685302734,-64.904342651367,SEISMIC,59713.826231868,33113.0572530902
ECTS,510552.82613108,4192507.69122063,681,523.81591796875,157.18408203125,23.0813630001836,SEISMIC,60552.82613108,67507.69122063
ESAL,511450.751408855,4179195.01957277,768,769.279479980469,-1.27947998046898,-0.166598955790231,SEISMIC,61450.751408855,54195.0195727702
NOV,512286.619651017,4209152.83825087,775,677.648193359375,97.351806640625,12.5615234375,SEISMIC,62286.619651017,84152.8382508699
EVRN,512343.190011139,4171430.00291151,421,324.922088623047,96.077911376953,22.821356621604,SEISMIC,62343.190011139,46430.0029115099
EPMN,515842.075198847,4185859.21000014,541,444.339904785156,96.660095214844,17.866930723631,SEISMIC,65842.075198847,60859.2100001401
EPOZ,516755.973634728,4169218.84047479,124,54.6345901489258,69.3654098510742,55.9398466540921,SEISMIC,66755.973634728,44218.84047479
EFIU,518489.902094713,4182536.26302068,97,48.6130714416504,48.3869285583496,49.8834315034532,SEISMIC,68489.902094713,57536.2630206798
MCSR,520176.935276937,4212497.14442305,1064,1049.95397949219,14.04602050781,1.32011470938064,SEISMIC,70176.935276937,87497.1444230499
AIO,520201.622464572,4202511.41207472,751,700.881591796875,50.118408203125,6.6735563519474,SEISMIC,70201.622464572,77511.4120747196
MMME,521967.220569147,4199187.39441526,959,782.114685058594,176.885314941406,18.4447669386242,SEISMIC,71967.220569147,74187.3944152603
MPNC,530666.413454054,4222515.90298228,479,312.39111328125,166.60888671875,34.7826485842902,SEISMIC,80666.413454054,97515.9029822797
MALI,535095.142704072,4211438.15341191,1005,928.517517089844,76.482482910156,7.61019730449314,SEISMIC,85095.1427040719,86438.1534119099
ATN,540298.969086277,4223667.5463518,1130,952.443725585938,177.556274414062,15.7129446384126,SEISMIC,90298.969086277,98667.5463517997
CTNV,474654,4161001,N/A,423.401489257812,N/A,#VALUE!,GPS,24654,36001
ECES,475144,4188721,N/A,1156.61206054688,N/A,#VALUE!,GPS,25144,63721
PDG,488867,4177329,N/A,1163.67602539062,N/A,#VALUE!,GPS,38867,52329
EPZF,489129.2583,4186873.6798,1174.6629,1126.58801269531,48.07488730469,4.09265392690022,GPS,39129.2583,61873.6798
TUR,490508,4174002,N/A,1280.41198730469,N/A,#VALUE!,GPS,40508,49002
EVRS,491489,4170313,N/A,1030.126953125,N/A,#VALUE!,GPS,41489,45313
CAP,494784,4177300,N/A,1875.33898925781,N/A,#VALUE!,GPS,44784,52300
EMIR,495213,4173307,N/A,1583.71105957031,N/A,#VALUE!,GPS,45213,48307
EARS,495519,4168537,N/A,1152.0419921875,N/A,#VALUE!,GPS,45519,43537
NUN,495831,4179544,N/A,1784.5810546875,N/A,#VALUE!,GPS,45831,54544
EW03,498134,4171672,N/A,1729.20300292969,N/A,#VALUE!,GPS,48134,46672
EW01,498296,4170453,N/A,1491.39404296875,N/A,#VALUE!,GPS,48296,45453
EW02,498592,4171824,N/A,1758.17102050781,N/A,#VALUE!,GPS,48592,46824
EMSL,498778,4167212,N/A,1071.78405761719,N/A,#VALUE!,GPS,48778,42212
EW04,498876,4172278,N/A,1854.72497558594,N/A,#VALUE!,GPS,48876,47278
NS21,499579,4173308,N/A,2132.19311523438,N/A,#VALUE!,GPS,49579,48308
ECNL,499733,4169033,N/A,1280.45300292969,N/A,#VALUE!,GPS,49733,44033
NS06,500462,4180451,N/A,2743.90307617188,N/A,#VALUE!,GPS,50462,55451
NS05,500575,4181049,N/A,2611.07690429688,N/A,#VALUE!,GPS,50575,56049
NS07,500610,4180037,N/A,2806.21704101562,N/A,#VALUE!,GPS,50610,55037
EW05,500827,4172590,N/A,1878.45397949219,N/A,#VALUE!,GPS,50827,47590
NS03,500860,4181959,N/A,2412.43994140625,N/A,#VALUE!,GPS,50860,56959
MONT,501231,4208427,N/A,861.103820800781,N/A,#VALUE!,GPS,51231,83427
NS02,501283,4182458,N/A,2312.30590820312,N/A,#VALUE!,GPS,51283,57458
EW06,501303,4172684,N/A,1839.68395996094,N/A,#VALUE!,GPS,51303,47684
OBS,501344,4180163,N/A,2770.67797851562,N/A,#VALUE!,GPS,51344,55163
MPL,501671,4162063,N/A,752.618225097656,N/A,#VALUE!,GPS,51671,37063
EW10,501860,4171758,N/A,1665.21997070312,N/A,#VALUE!,GPS,51860,46758
EW07,501908,4172296,N/A,1717.68896484375,N/A,#VALUE!,GPS,51908,47296
NS01,502153,4183269,N/A,2089.95703125,N/A,#VALUE!,GPS,52153,58269
TMPR,502194,4184888,N/A,1916.24194335938,N/A,#VALUE!,GPS,52194,59888
EW11,502572,4171155,N/A,1524.22998046875,N/A,#VALUE!,GPS,52572,46155
EW12,502658,4170200,N/A,1408.91101074219,N/A,#VALUE!,GPS,52658,45200
ETAR,502729,4168544,N/A,1113.05297851562,N/A,#VALUE!,GPS,52729,43544
EW08,502933,4172455,N/A,1624.73498535156,N/A,#VALUE!,GPS,52933,47455
L23,503093,4184205,N/A,1892.49597167969,N/A,#VALUE!,GPS,53093,59205
EPEL,503358,4165274,N/A,833.514099121094,N/A,#VALUE!,GPS,53358,40274
EW09,503520,4172506,N/A,1565.75,N/A,#VALUE!,GPS,53520,47506
CIT,505242,4179808,N/A,1735.25,N/A,#VALUE!,GPS,55242,54808
ESTP,505280,4172062,N/A,1307.51098632812,N/A,#VALUE!,GPS,55280,47062
FOPE,506145,4167883,N/A,810.475524902344,N/A,#VALUE!,GPS,56145,42883
ECOR,506607.9467,4184843.0154,1421.7961,1374.77294921875,47.02315078125,3.30730621509301,GPS,56607.9467,59843.0153999999
CRI,508252,4183203,N/A,1338.52697753906,N/A,#VALUE!,GPS,58252,58203
RPN3,509211,4183626,N/A,1111.57495117188,N/A,#VALUE!,GPS,59211,58626
MIL,509310,4176053,N/A,879.582824707031,N/A,#VALUE!,GPS,59310,51053
RPN2,509349,4184345,N/A,1077.31298828125,N/A,#VALUE!,GPS,59349,59345
PISA,509666,4168643,N/A,459.638397216797,N/A,#VALUE!,GPS,59666,43643
RPN1,509697,4184197,N/A,1045.60498046875,N/A,#VALUE!,GPS,59697,59197
RPN4,509727,4183889,N/A,1054.126953125,N/A,#VALUE!,GPS,59727,58889
RPN5,509828,4183375,N/A,1064.64794921875,N/A,#VALUE!,GPS,59828,58375
ESVN,511199,4171089,N/A,412.984893798828,N/A,#VALUE!,GPS,61199,46089
PER2,511359,4183505,N/A,842.576721191406,N/A,#VALUE!,GPS,61359,58505
PER6,511529,4183719,N/A,812.454223632812,N/A,#VALUE!,GPS,61529,58719
PER1,511618,4183057,N/A,827.761291503906,N/A,#VALUE!,GPS,61618,58057
PER5,511632,4183833,N/A,781.92626953125,N/A,#VALUE!,GPS,61632,58833
PER3,511780,4183595,N/A,784.828918457031,N/A,#VALUE!,GPS,61780,58595
ESAL,511850.2754,4178651.483,757.5505,713.982177734375,43.5683222656251,5.75121028441339,GPS,61850.2754,53651.483
PER4,511894,4183775,N/A,770.861389160156,N/A,#VALUE!,GPS,61894,58775
MOSC,511928,4173822,N/A,464.299987792969,N/A,#VALUE!,GPS,61928,48822
PDAP,512604,4165017,N/A,279.258697509766,N/A,#VALUE!,GPS,62604,40017
SGBO,513675,4167958,N/A,232.240493774414,N/A,#VALUE!,GPS,63675,42958
TERR,513733,4185997,N/A,481.9912109375,N/A,#VALUE!,GPS,63733,60997
SCOR,513800,4180818,N/A,482.449310302734,N/A,#VALUE!,GPS,63800,55818
EBAG,514170,4172804,N/A,236.638595581055,N/A,#VALUE!,GPS,64170,47804
SGMB,514240,4176820,N/A,310.779296875,N/A,#VALUE!,GPS,64240,51820
ISLA,514706,4157124,N/A,21.0750198364258,N/A,#VALUE!,GPS,64706,32124
MANG,514920,4169690,N/A,164.000198364258,N/A,#VALUE!,GPS,64920,44690
ELEO,515207,4171699,N/A,151.53759765625,N/A,#VALUE!,GPS,65207,46699
MDGR,515243,4160699,N/A,82.4553527832031,N/A,#VALUE!,GPS,65243,35699
GIA,515723,4174501,N/A,123.37629699707,N/A,#VALUE!,GPS,65723,49501
SANT,515920,4178538,N/A,94.8173904418945,N/A,#VALUE!,GPS,65920,53538
STAZ,517466,4167441,N/A,2.74797296524048,N/A,#VALUE!,GPS,67466,42441
GONA,517774,4181581,N/A,50.4481010437012,N/A,#VALUE!,GPS,67774,56581
TARC,519072,4174522,N/A,0.266645312309265,N/A,#VALUE!,GPS,69072,49522
SSBI,519327,4183763,N/A,78.8086700439453,N/A,#VALUE!,GPS,69327,58763
ESCV,483722.8769,4177759.389,641.599485,599.934692382812,41.6647926171879,6.49389433615083,GNSS,33722.8769,52759.389
ESML,489350,4163444,414,354.028198242188,59.971801757812,14.4859424535778,GNSS,39350,38444
ECHR,492324.0676,4171008.418,1159.878817,1114.22302246094,45.65579453906,3.9362555699696,GNSS,42324.0676,46008.4180000001
EMGL,492816.3229,4175438.954,1611.180289,1561.06396484375,50.1163241562499,3.11053483576039,GNSS,42816.3229,50438.9539999999
EMEG,493584.9287,4179668.731,1615.153232,1566.99694824219,48.1562837578099,2.98153034670149,GNSS,43584.9287,54668.7310000001
EMAL,493939.3368,4182688.965,1551.103163,1504.32897949219,46.77418350781,3.01554304211099,GNSS,43939.3368,57688.9649999999
EMSG,495560.786,4186011.711,1478.480976,1432.251953125,46.2290228750001,3.1267918644494,GNSS,45560.786,61011.7110000001
ESLN,497737.015,4171800.089,1775.204408,1734.86901855469,40.3353894453101,2.272154646729,GNSS,47737.015,46800.0890000002
EPLU,498742.6291,4179753.888,2964.621537,2911.94189453125,52.67964246875,1.77694325603727,GNSS,48742.6291,54753.8879999998
ECPN,498811.5416,4177382.831,3037.121058,2989.22607421875,47.8949837812502,1.57698632575383,GNSS,48811.5416,52382.8309999998
EINT,499819.6544,4174693.743,2548.566999,2491.75708007812,56.8099189218801,2.22909262123268,GNSS,49819.6544,49693.7429999998
ECNE,500155.8715,4179773.867,2945.613487,2899.51391601562,46.0995709843801,1.56502444016614,GNSS,50155.8715,54773.8670000001
EDAM,500817.8161,4185976.485,1755.760261,1710.0830078125,45.6772531874999,2.60156549855413,GNSS,50817.8161,60976.4849999999
EPDN,501478.4901,4179831.285,2867.825305,2818.15991210938,49.6653928906198,1.73181374765155,GNSS,51478.4901,54831.2850000001
ENIC,501733.9635,4162973.966,771.432085,719.735229492188,51.6968555078121,6.70141371003671,GNSS,51733.9635,37973.966
ESPC,502417.7226,4171701.536,1653.368878,1608.52502441406,44.84385358594,2.7122715434311,GNSS,52417.7226,46701.5359999999
EMCN,502950.5456,4182658.732,1910.988934,1866.51293945312,44.47599454688,2.32738106200253,GNSS,52950.5456,57658.7319999998
EPED,505286,4163345,664,601.740112304688,62.259887695312,9.37648911073977,GNSS,55286,38345
EIIV,507254,4151853,105,33.4338798522949,71.5661201477051,68.1582096644811,GNSS,57254,26853
EMFN,507942.247,4176491.609,1204.564368,1153.94201660156,50.6223513984401,4.20254431753539,GNSS,57942.247,51491.6090000002
ECRI,508924.4513,4183272.448,1243.372509,1199.88403320312,43.48847579688,3.49762243270573,GNSS,58924.4513,58272.4479999999
EBDA,510786.5602,4165189.747,400.369842,354.647003173828,45.722838826172,11.4201505782176,GNSS,60786.5602,40189.747
ELIN,511973.756,4168823.863,341.347841,296.034912109375,45.312928890625,13.2747079219479,GNSS,61973.756,43823.8629999999
EBAG,514192.2973,4172803.505,283.337177,236.10920715332,47.22796984668,16.6684691175137,GNSS,64192.2973,47803.5049999999
ELAC,514697,4157156,75,12.5928401947021,62.4071598052979,83.2095464070639,GNSS,64697,32156
EPMN,515615,4185929,520,488.652313232422,31.347686767578,6.02840130145731,GNSS,65615,60929
ETEC,515705,4165667,76,3.20191192626953,72.7980880737305,95.7869579917506,GNSS,65705,40667
EPOZ,516627,4169433,130,61.6803207397461,68.3196792602539,52.5535994309645,GNSS,66627,44433
ERIP,517413,4175703,104,33.358039855957,70.641960144043,67.9249616769644,GNSS,67413,50703
EFIU,518513,4182493,117,46.2341613769531,70.7658386230469,60.4836227547409,GNSS,68513,57493
ADR,486120.080740344,4169857.00180753,590,638.553588867188,-48.553588867188,-8.22942184189626,GRAVITY,36120.080740344,44857.0018075299
CC,493210.371429719,4170358.4896688,1130,1155.52600097656,-25.52600097656,-2.25893813951858,GRAVITY,43210.371429719,45358.4896688
CH,489939.247109394,4170561.52740888,910,926.554809570312,-16.554809570312,-1.81920984289143,GRAVITY,39939.247109394,45561.5274088802
CE,494595.374436851,4171311.60517392,1320,1361.22094726562,-41.22094726562,-3.12279903527424,GRAVITY,44595.374436851,46311.6051739198
ZAF,509997.902833794,4171493.40066757,525,498.165588378906,26.834411621094,5.111316499256,GRAVITY,59997.902833794,46493.4006675701
HP,508428.521437196,4171536.02919634,680,701.843872070312,-21.843872070312,-3.21233412798707,GRAVITY,58428.521437196,46536.0291963401
IF,497337.458916167,4171609.82143058,1660,1680.84802246094,-20.84802246094,-1.25590496752651,GRAVITY,47337.458916167,46609.8214305802
PT,507352.776701865,4171690.32673184,980,1009.03302001953,-29.03302001953,-2.96255306321735,GRAVITY,57352.776701865,46690.3267318402
CF,496244.280518687,4171721.19234554,1560,1594.86206054688,-34.86206054688,-2.23474747095385,GRAVITY,46244.280518687,46721.19234554
VE,498589.420105692,4171831.40537572,1740,1756.73400878906,-16.73400878906,-0.961724643049425,GRAVITY,48589.420105692,46831.40537572
BP,506171.113359321,4172066.57727231,1140,1159.13305664062,-19.13305664062,-1.67833830180877,GRAVITY,56171.113359321,47066.5772723099
TG,499330.006047022,4172219.62426043,1860,1881.56005859375,-21.56005859375,-1.15914293514785,GRAVITY,49330.006047022,47219.6242604302
FM,501683.782506239,4172308.52579917,1750,1739.67504882812,10.32495117188,0.589997209821714,GRAVITY,51683.782506239,47308.5257991701
RS,499717.90296678,4172386.02146442,1890,1907.98803710938,-17.98803710938,-0.951747995205291,GRAVITY,49717.90296678,47386.02146442
M0,504813.27434902,4172398.51372693,1350,1368.54602050781,-18.54602050781,-1.37377929687481,GRAVITY,54813.27434902,47398.5137269301
MS,500661.16136965,4172430.42166532,1860,1879.59204101562,-19.59204101562,-1.05333553847419,GRAVITY,50661.16136965,47430.4216653202
FV,503658.328039614,4172653.09825235,1550,1554.77001953125,-4.77001953125,-0.307743195564516,GRAVITY,53658.328039614,47653.09825235
GAL,495615,4176181,1875,1878.47302246094,-3.47302246094,-0.185227864583467,GRAVITY,45615,51181
MSC,495636,4180377,1720,1707.06494140625,12.93505859375,0.752038290334302,GRAVITY,45636,55377
MSP,496673,4186231,1450,1436.01000976562,13.98999023438,0.964826912715862,GRAVITY,46673,61231
SLN,497745,4171768,1740,1731.61596679688,8.38403320312,0.481840988685057,GRAVITY,47745,46768
MNT,499986,4174527,2500,2483.96411132812,16.03588867188,0.6414355468752,GRAVITY,49986,49527
PDN,501467,4179837,2820,2819.03100585938,0.968994140619998,0.0343614943482269,GRAVITY,51467,54837
CVE,502201,4172230,1680,1677.67895507812,2.32104492188,0.138157435826191,GRAVITY,52201,47230
GPA,502466,4186668,1570,1562.85095214844,7.14904785156,0.455353366341401,GRAVITY,52466,61668
PPR,503128,4183432,1810,1808.9990234375,1.0009765625,0.0553025725138122,GRAVITY,53128,58432
SES,504529,4180536,1735,1730.59594726562,4.40405273438,0.25383589247147,GRAVITY,54529,55536
CPC,507739,4177795,1150,1150.34399414062,-0.343994140619998,-0.0299125339669563,GRAVITY,57739,52795
