815.592849551824,716.00341796875,-1283.99658203125,716.00341796875
917.541955745802,720.450012207031,-1279.54998779297,720.45001220703
1019.49106193978,724.889526367187,-1275.11047363281,724.88952636719
1121.44016813376,702.074279785156,-1297.92572021484,702.07427978516
1223.38927432774,696.963317871094,-1303.03668212891,696.96331787109
1325.33838052171,689.531311035156,-1310.46868896484,689.53131103516
1427.28748671569,680.627014160156,-1319.37298583984,680.62701416016
1529.23659290967,676.898986816406,-1323.10101318359,676.89898681641
1631.18569910365,673.344787597656,-1326.65521240234,673.34478759766
1733.13480529763,670.758911132813,-1329.24108886719,670.75891113281
1835.0839114916,675.709716796875,-1324.29028320313,675.70971679687
1937.03301768558,680.127380371094,-1319.87261962891,680.12738037109
2038.98212387956,694.489379882813,-1305.51062011719,694.48937988281
2140.93123007354,726.8203125,-1273.1796875,726.8203125
2242.88033626752,752.085815429688,-1247.91418457031,752.08581542969
2344.82944246149,774.499328613281,-1225.50067138672,774.49932861328
2446.77854865547,756.314514160156,-1243.68548583984,756.31451416016
2548.72765484945,723.231079101562,-1276.76892089844,723.23107910156
2650.67676104343,738.828979492188,-1261.17102050781,738.82897949219
2752.62586723741,703.297180175781,-1296.70281982422,703.29718017578
2854.57497343138,690.440490722656,-1309.55950927734,690.44049072266
2956.52407962536,665.87548828125,-1334.12451171875,665.87548828125
3058.47318581934,675.063110351563,-1324.93688964844,675.06311035156
3160.42229201332,701.414123535156,-1298.58587646484,701.41412353516
3262.3713982073,727.485717773438,-1272.51428222656,727.48571777344
3364.32050440127,727.024475097656,-1272.97552490234,727.02447509766
3466.26961059525,737.283325195313,-1262.71667480469,737.28332519531
3568.21871678923,745.619018554688,-1254.38098144531,745.61901855469
3670.16782298321,753.13232421875,-1246.86767578125,753.13232421875
3772.11692917719,743.036987304687,-1256.96301269531,743.03698730469
3874.06603537116,714.317077636719,-1285.68292236328,714.31707763672
3976.01514156514,720.286926269531,-1279.71307373047,720.28692626953
4077.96424775912,732.260070800781,-1267.73992919922,732.26007080078
4179.9133539531,754.681518554688,-1245.31848144531,754.68151855469
4281.86246014708,764.457397460938,-1235.54260253906,764.45739746094
4383.81156634105,749.338928222656,-1250.66107177734,749.33892822266
4485.76067253503,722.00048828125,-1277.99951171875,722.00048828125
4587.70977872901,695.215270996094,-1304.78472900391,695.21527099609
4689.65888492299,681.272583007813,-1318.72741699219,681.27258300781
4791.60799111697,653.372192382813,-1346.62780761719,653.37219238281
4893.55709731094,634.395080566406,-1365.60491943359,634.39508056641
4995.50620350492,617.5322265625,-1382.4677734375,617.5322265625
5097.4553096989,596.333618164063,-1403.66638183594,596.33361816406
5199.40441589288,574.761413574219,-1425.23858642578,574.76141357422
5301.35352208686,578.541198730469,-1421.45880126953,578.54119873047
5403.30262828083,572.537780761719,-1427.46221923828,572.53778076172
5505.25173447481,555.404907226562,-1444.59509277344,555.40490722656
5607.20084066879,541.578430175781,-1458.42156982422,541.57843017578
5709.14994686277,532.47021484375,-1467.52978515625,532.47021484375
5811.09905305675,529.484924316406,-1470.51507568359,529.48492431641
5913.04815925072,534.683715820313,-1465.31628417969,534.68371582031
6014.9972654447,541.622802734375,-1458.37719726563,541.62280273437
6116.94637163868,549.668884277344,-1450.33111572266,549.66888427734
6218.89547783266,564.4677734375,-1435.5322265625,564.4677734375
6320.84458402664,579.444519042969,-1420.55548095703,579.44451904297
6422.79369022061,597.429809570312,-1402.57019042969,597.42980957031
6524.74279641459,601.717407226563,-1398.28259277344,601.71740722656
6626.69190260857,617.183227539063,-1382.81677246094,617.18322753906
6728.64100880255,638.2158203125,-1361.7841796875,638.2158203125
6830.59011499653,653.54150390625,-1346.45849609375,653.54150390625
6932.5392211905,642.906982421875,-1357.09301757813,642.90698242187
7034.48832738448,634.551086425781,-1365.44891357422,634.55108642578
7136.43743357846,626.496276855469,-1373.50372314453,626.49627685547
7238.38653977244,613.291320800781,-1386.70867919922,613.29132080078
7340.33564596642,618.639770507813,-1381.36022949219,618.63977050781
7442.28475216039,622.896484375,-1377.103515625,622.896484375
7544.23385835437,625.759399414063,-1374.24060058594,625.75939941406
7646.18296454835,631.588928222656,-1368.41107177734,631.58892822266
7748.13207074233,639.281982421875,-1360.71801757813,639.28198242187
7850.08117693631,637.204711914063,-1362.79528808594,637.20471191406
7952.03028313028,643.851623535156,-1356.14837646484,643.85162353516
8053.97938932426,650.711791992188,-1349.28820800781,650.71179199219
8155.92849551824,655.696472167969,-1344.30352783203,655.69647216797
8257.87760171222,657.4658203125,-1342.5341796875,657.4658203125
8359.8267079062,644.475830078125,-1355.52416992188,644.47583007812
8461.77581410017,664.364990234375,-1335.63500976563,664.36499023437
8563.72492029415,679.9423828125,-1320.0576171875,679.9423828125
8665.67402648813,689.075378417969,-1310.92462158203,689.07537841797
8767.62313268211,706.432922363281,-1293.56707763672,706.43292236328
8869.57223887609,717.412902832031,-1282.58709716797,717.41290283203
8971.52134507006,722.16650390625,-1277.83349609375,722.16650390625
9073.47045126404,724.687377929688,-1275.31262207031,724.68737792969
9175.41955745802,727.075500488281,-1272.92449951172,727.07550048828
9277.368663652,703.44482421875,-1296.55517578125,703.44482421875
9379.31776984598,692.340209960938,-1307.65979003906,692.34020996094
9481.26687603995,705.614624023437,-1294.38537597656,705.61462402344
9583.21598223393,715.963500976563,-1284.03649902344,715.96350097656
9685.16508842791,726.996276855469,-1273.00372314453,726.99627685547
9787.11419462189,753.640502929688,-1246.35949707031,753.64050292969
9889.06330081587,769.280883789063,-1230.71911621094,769.28088378906
9991.01240700984,778.008972167969,-1221.99102783203,778.00897216797
10092.9615132038,801.880615234375,-1198.11938476563,801.88061523437
10194.9106193978,815.572570800781,-1184.42742919922,815.57257080078
10296.8597255918,827.895324707031,-1172.10467529297,827.89532470703
10398.8088317858,840.348022460938,-1159.65197753906,840.34802246094
10500.7579379797,849.711120605469,-1150.28887939453,849.71112060547
10602.7070441737,856.320922851563,-1143.67907714844,856.32092285156
10704.6561503677,870.508178710938,-1129.49182128906,870.50817871094
10806.6052565617,886.582580566406,-1113.41741943359,886.58258056641
10908.5543627556,886.320373535156,-1113.67962646484,886.32037353516
11010.5034689496,889.07080078125,-1110.92919921875,889.07080078125
11112.4525751436,882.890686035156,-1117.10931396484,882.89068603516
11214.4016813376,874.56787109375,-1125.43212890625,874.56787109375
11316.3507875316,882.154907226563,-1117.84509277344,882.15490722656
11418.2998937255,891.259826660156,-1108.74017333984,891.25982666016
11520.2489999195,899.448974609375,-1100.55102539063,899.44897460937
11622.1981061135,907.728271484375,-1092.27172851563,907.72827148437
11724.1472123075,910.59912109375,-1089.40087890625,910.59912109375
11826.0963185015,918.836791992188,-1081.16320800781,918.83679199219
11928.0454246954,940.677124023438,-1059.32287597656,940.67712402344
12029.9945308894,953.0654296875,-1046.9345703125,953.0654296875
12131.9436370834,940.31982421875,-1059.68017578125,940.31982421875
12233.8927432774,915.837585449219,-1084.16241455078,915.83758544922
12335.8418494713,897.3076171875,-1102.6923828125,897.3076171875
12437.7909556653,883.65771484375,-1116.34228515625,883.65771484375
12539.7400618593,869.198181152344,-1130.80181884766,869.19818115234
12641.6891680533,852.845275878906,-1147.15472412109,852.84527587891
12743.6382742472,819.599426269531,-1180.40057373047,819.59942626953
12845.5873804412,798.949890136719,-1201.05010986328,798.94989013672
12947.5364866352,779.729370117188,-1220.27062988281,779.72937011719
13049.4855928292,756.169982910156,-1243.83001708984,756.16998291016
13151.4346990232,737.120971679687,-1262.87902832031,737.12097167969
13253.3838052171,723.573425292969,-1276.42657470703,723.57342529297
13355.3329114111,704.163208007813,-1295.83679199219,704.16320800781
13457.2820176051,695.455017089844,-1304.54498291016,695.45501708984
13559.2311237991,718.476806640625,-1281.52319335938,718.47680664062
13661.1802299931,751.602600097656,-1248.39739990234,751.60260009766
13763.129336187,755.700378417969,-1244.29962158203,755.70037841797
13865.078442381,768.556274414063,-1231.44372558594,768.55627441406
13967.027548575,787.979919433594,-1212.02008056641,787.97991943359
14068.976654769,803.442810058594,-1196.55718994141,803.44281005859
14170.9257609629,824.256774902344,-1175.74322509766,824.25677490234
14272.8748671569,840.249877929688,-1159.75012207031,840.24987792969
14374.8239733509,850.150817871094,-1149.84918212891,850.15081787109
14476.7730795449,832.283020019531,-1167.71697998047,832.28302001953
14578.7221857389,820.618530273438,-1179.38146972656,820.61853027344
14680.6712919328,798.042724609375,-1201.95727539063,798.04272460937
14782.6203981268,821.522216796875,-1178.47778320313,821.52221679687
14884.5695043208,831.750122070313,-1168.24987792969,831.75012207031
14986.5186105148,846.418823242188,-1153.58117675781,846.41882324219
15088.4677167087,858.4130859375,-1141.5869140625,858.4130859375
15190.4168229027,853.829772949219,-1146.17022705078,853.82977294922
15292.3659290967,840.227172851563,-1159.77282714844,840.22717285156
15394.3150352907,828.545288085937,-1171.45471191406,828.54528808594
15496.2641414847,807.953918457031,-1192.04608154297,807.95391845703
15598.2132476786,777.49658203125,-1222.50341796875,777.49658203125
15700.1623538726,755.69677734375,-1244.30322265625,755.69677734375
15802.1114600666,737.310119628906,-1262.68988037109,737.31011962891
15904.0605662606,717.062072753906,-1282.93792724609,717.06207275391
16006.0096724545,697.2177734375,-1302.7822265625,697.2177734375
16107.9587786485,688.047424316406,-1311.95257568359,688.04742431641
16209.9078848425,669.919616699219,-1330.08038330078,669.91961669922
16311.8569910365,666.392272949219,-1333.60772705078,666.39227294922
16413.8060972305,656.976379394531,-1343.02362060547,656.97637939453
16515.7552034244,638.154113769531,-1361.84588623047,638.15411376953
16617.7043096184,613.159729003906,-1386.84027099609,613.15972900391
16719.6534158124,584.937927246094,-1415.06207275391,584.93792724609
16821.6025220064,602.307922363281,-1397.69207763672,602.30792236328
16923.5516282003,647.139587402344,-1352.86041259766,647.13958740234
17025.5007343943,671.77490234375,-1328.22509765625,671.77490234375
17127.4498405883,686.4697265625,-1313.5302734375,686.4697265625
17229.3989467823,657.812927246094,-1342.18707275391,657.81292724609
17331.3480529763,640.270080566406,-1359.72991943359,640.27008056641
17433.2971591702,651.926574707031,-1348.07342529297,651.92657470703
17535.2462653642,662.695373535156,-1337.30462646484,662.69537353516
17637.1953715582,641.877685546875,-1358.12231445313,641.87768554687
17739.1444777522,624.754028320313,-1375.24597167969,624.75402832031
17841.0935839461,610.713928222656,-1389.28607177734,610.71392822266
17943.0426901401,595.595581054688,-1404.40441894531,595.59558105469
18044.9917963341,580.009399414063,-1419.99060058594,580.00939941406
18146.9409025281,568.451416015625,-1431.54858398438,568.45141601562
18248.8900087221,535.142883300781,-1464.85711669922,535.14288330078
18350.839114916,514.994201660156,-1485.00579833984,514.99420166016
18452.78822111,534.223388671875,-1465.77661132813,534.22338867187
18554.737327304,551.668273925781,-1448.33172607422,551.66827392578
18656.686433498,545.721313476563,-1454.27868652344,545.72131347656
18758.635539692,550.18701171875,-1449.81298828125,550.18701171875
18860.5846458859,572.36376953125,-1427.63623046875,572.36376953125
18962.5337520799,592.744018554687,-1407.25598144531,592.74401855469
19064.4828582739,616.022888183594,-1383.97711181641,616.02288818359
19166.4319644679,639.387817382813,-1360.61218261719,639.38781738281
19268.3810706618,676.223327636719,-1323.77667236328,676.22332763672
19370.3301768558,667.659423828125,-1332.34057617188,667.65942382812
19472.2792830498,640.750122070313,-1359.24987792969,640.75012207031
19574.2283892438,621.174682617188,-1378.82531738281,621.17468261719
19676.1774954378,604.744323730469,-1395.25567626953,604.74432373047
19778.1266016317,588.426025390625,-1411.57397460938,588.42602539062
19880.0757078257,563.892578125,-1436.107421875,563.892578125
19982.0248140197,534.637573242188,-1465.36242675781,534.63757324219
20083.9739202137,514.705078125,-1485.294921875,514.705078125
20185.9230264076,495.837799072266,-1504.16220092773,495.83779907227
20287.8721326016,508.023803710938,-1491.97619628906,508.02380371094
20389.8212387956,540.583312988281,-1459.41668701172,540.58331298828
20491.7703449896,577.417785644531,-1422.58221435547,577.41778564453
20593.7194511836,603.634582519531,-1396.36541748047,603.63458251953
20695.6685573775,628.937622070313,-1371.06237792969,628.93762207031
20797.6176635715,653.08251953125,-1346.91748046875,653.08251953125
20899.5667697655,683.254272460938,-1316.74572753906,683.25427246094
21001.5158759595,701.591125488281,-1298.40887451172,701.59112548828
21103.4649821534,715.47119140625,-1284.52880859375,715.47119140625
21205.4140883474,743.698181152344,-1256.30181884766,743.69818115234
21307.3631945414,755.2255859375,-1244.7744140625,755.2255859375
21409.3123007354,789.618774414063,-1210.38122558594,789.61877441406
21511.2614069294,783.943969726563,-1216.05603027344,783.94396972656
21613.2105131233,769.368896484375,-1230.63110351563,769.36889648437
21715.1596193173,777.786499023437,-1222.21350097656,777.78649902344
21817.1087255113,746.016174316406,-1253.98382568359,746.01617431641
21919.0578317053,734.595520019531,-1265.40447998047,734.59552001953
22021.0069378992,780.719604492188,-1219.28039550781,780.71960449219
22122.9560440932,786.595886230469,-1213.40411376953,786.59588623047
22224.9051502872,798.551391601563,-1201.44860839844,798.55139160156
22326.8542564812,829.960693359375,-1170.03930664063,829.96069335937
22428.8033626752,870.158081054688,-1129.84191894531,870.15808105469
22530.7524688691,840.787719726563,-1159.21228027344,840.78771972656
22632.7015750631,818.870788574219,-1181.12921142578,818.87078857422
22734.6506812571,785.470397949219,-1214.52960205078,785.47039794922
22836.5997874511,761.716613769531,-1238.28338623047,761.71661376953
22938.548893645,779.347290039063,-1220.65270996094,779.34729003906
23040.497999839,736.847778320313,-1263.15222167969,736.84777832031
23142.447106033,702.67578125,-1297.32421875,702.67578125
23244.396212227,655.533203125,-1344.466796875,655.533203125
23346.345318421,670.967407226563,-1329.03259277344,670.96740722656
23448.2944246149,732.596008300781,-1267.40399169922,732.59600830078
23550.2435308089,773.170776367188,-1226.82922363281,773.17077636719
23652.1926370029,784.771606445313,-1215.22839355469,784.77160644531
23754.1417431969,806.790893554688,-1193.20910644531,806.79089355469
23856.0908493909,835.7529296875,-1164.2470703125,835.7529296875
23958.0399555848,826.243896484375,-1173.75610351563,826.24389648437
24059.9890617788,805.474975585937,-1194.52502441406,805.47497558594
24161.9381679728,770.86767578125,-1229.13232421875,770.86767578125
24263.8872741668,742.059326171875,-1257.94067382813,742.05932617187
24365.8363803607,733.169921875,-1266.830078125,733.169921875
24467.7854865547,752.90869140625,-1247.09130859375,752.90869140625
24569.7345927487,738.00048828125,-1261.99951171875,738.00048828125
24671.6836989427,745.182312011719,-1254.81768798828,745.18231201172
24773.6328051367,754.061218261719,-1245.93878173828,754.06121826172
24875.5819113306,775.531982421875,-1224.46801757813,775.53198242187
24977.5310175246,810.355224609375,-1189.64477539063,810.35522460937
25079.4801237186,836.392822265625,-1163.60717773438,836.39282226562
25181.4292299126,854.934814453125,-1145.06518554688,854.93481445312
25283.3783361065,854.526977539063,-1145.47302246094,854.52697753906
25385.3274423005,842.950988769531,-1157.04901123047,842.95098876953
25487.2765484945,830.913879394531,-1169.08612060547,830.91387939453
25589.2256546885,819.856872558594,-1180.14312744141,819.85687255859
25691.1747608825,815.374816894531,-1184.62518310547,815.37481689453
25793.1238670764,813.999816894531,-1186.00018310547,813.99981689453
25895.0729732704,795.63671875,-1204.36328125,795.63671875
25997.0220794644,770.725280761719,-1229.27471923828,770.72528076172
26098.9711856584,729.708312988281,-1270.29168701172,729.70831298828
26200.9202918523,709.545288085937,-1290.45471191406,709.54528808594
26302.8693980463,692.57861328125,-1307.42138671875,692.57861328125
26404.8185042403,687.978515625,-1312.021484375,687.978515625
26506.7676104343,682.690612792969,-1317.30938720703,682.69061279297
26608.7167166283,687.721984863281,-1312.27801513672,687.72198486328
26710.6658228222,679.00439453125,-1320.99560546875,679.00439453125
26812.6149290162,669.19873046875,-1330.80126953125,669.19873046875
26914.5640352102,664.301086425781,-1335.69891357422,664.30108642578
27016.5131414042,660.647521972656,-1339.35247802734,660.64752197266
27118.4622475981,647.516479492188,-1352.48352050781,647.51647949219
27220.4113537921,642.704528808594,-1357.29547119141,642.70452880859
27322.3604599861,631.400512695313,-1368.59948730469,631.40051269531
27424.3095661801,640.688171386719,-1359.31182861328,640.68817138672
27526.2586723741,644.981384277344,-1355.01861572266,644.98138427734
27628.207778568,640.130126953125,-1359.86987304688,640.13012695312
27730.156884762,620.5947265625,-1379.4052734375,620.5947265625
27832.105990956,604.562316894531,-1395.43768310547,604.56231689453
27934.05509715,611.44482421875,-1388.55517578125,611.44482421875
28036.0042033439,618.440612792969,-1381.55938720703,618.44061279297
28137.9533095379,614.096374511719,-1385.90362548828,614.09637451172
28239.9024157319,603.371398925781,-1396.62860107422,603.37139892578
28341.8515219259,604.648986816406,-1395.35101318359,604.64898681641
28443.8006281199,602.260620117188,-1397.73937988281,602.26062011719
28545.7497343138,594.480773925781,-1405.51922607422,594.48077392578
28647.6988405078,582.870727539062,-1417.12927246094,582.87072753906
28749.6479467018,584.029113769531,-1415.97088623047,584.02911376953
28851.5970528958,575.263610839844,-1424.73638916016,575.26361083984
28953.5461590898,567.073181152344,-1432.92681884766,567.07318115234
29055.4952652837,564.249328613281,-1435.75067138672,564.24932861328
29157.4443714777,558.301574707031,-1441.69842529297,558.30157470703
29259.3934776717,547.151672363281,-1452.84832763672,547.15167236328
29361.3425838657,562.699401855469,-1437.30059814453,562.69940185547
29463.2916900596,569.650085449219,-1430.34991455078,569.65008544922
29565.2407962536,558.449096679688,-1441.55090332031,558.44909667969
29667.1899024476,566.522521972656,-1433.47747802734,566.52252197266
29769.1390086416,562.935485839844,-1437.06451416016,562.93548583984
29871.0881148356,559.974914550781,-1440.02508544922,559.97491455078
29973.0372210295,567.014709472656,-1432.98529052734,567.01470947266
30074.9863272235,550.576904296875,-1449.42309570313,550.57690429687
30176.9354334175,550.6630859375,-1449.3369140625,550.6630859375
30278.8845396115,539.509887695313,-1460.49011230469,539.50988769531
30380.8336458054,531.364501953125,-1468.63549804688,531.36450195312
30482.7827519994,520.6865234375,-1479.3134765625,520.6865234375
30584.7318581934,509.523803710938,-1490.47619628906,509.52380371094
30686.6809643874,479.685485839844,-1520.31451416016,479.68548583984
30788.6300705814,490.737213134766,-1509.26278686523,490.73721313477
30890.5791767753,472.917907714844,-1527.08209228516,472.91790771484
30992.5282829693,475.587005615234,-1524.41299438477,475.58700561523
31094.4773891633,463.428405761719,-1536.57159423828,463.42840576172
31196.4264953573,452.673187255859,-1547.32681274414,452.67318725586
31298.3756015512,435.915405273438,-1564.08459472656,435.91540527344
31400.3247077452,436.589111328125,-1563.41088867188,436.58911132812
31502.2738139392,435.941314697266,-1564.05868530273,435.94131469727
31604.2229201332,436.431304931641,-1563.56869506836,436.43130493164
31706.1720263272,438.169311523438,-1561.83068847656,438.16931152344
31808.1211325211,439.258209228516,-1560.74179077148,439.25820922852
31910.0702387151,447.670501708984,-1552.32949829102,447.67050170898
32012.0193449091,470.142395019531,-1529.85760498047,470.14239501953
32113.9684511031,480.718200683594,-1519.28179931641,480.71820068359
32215.917557297,481.562286376953,-1518.43771362305,481.56228637695
32317.866663491,483.642303466797,-1516.3576965332,483.6423034668
32419.815769685,483.6376953125,-1516.3623046875,483.6376953125
32521.764875879,480.652801513672,-1519.34719848633,480.65280151367
32623.713982073,475.255493164063,-1524.74450683594,475.25549316406
32725.6630882669,489.549987792969,-1510.45001220703,489.54998779297
32827.6121944609,495.361114501953,-1504.63888549805,495.36111450195
32929.5613006549,503.625610351563,-1496.37438964844,503.62561035156
33031.5104068489,506.651000976563,-1493.34899902344,506.65100097656
33133.4595130428,508.602508544922,-1491.39749145508,508.60250854492
33235.4086192368,513.405212402344,-1486.59478759766,513.40521240234
33337.3577254308,516.317016601563,-1483.68298339844,516.31701660156
33439.3068316248,516.818725585938,-1483.18127441406,516.81872558594
33541.2559378188,515.6279296875,-1484.3720703125,515.6279296875
33643.2050440127,522.480712890625,-1477.51928710938,522.48071289062
33745.1541502067,526.255798339844,-1473.74420166016,526.25579833984
33847.1032564007,530.118225097656,-1469.88177490234,530.11822509766
33949.0523625947,533.215576171875,-1466.78442382813,533.21557617187
34051.0014687886,538.246520996094,-1461.75347900391,538.24652099609
34152.9505749826,554.311401367188,-1445.68859863281,554.31140136719
34254.8996811766,570.254577636719,-1429.74542236328,570.25457763672
34356.8487873706,586.633911132813,-1413.36608886719,586.63391113281
34458.7978935646,596.141479492188,-1403.85852050781,596.14147949219
34560.7469997585,608.664672851563,-1391.33532714844,608.66467285156
34662.6961059525,634.319885253906,-1365.68011474609,634.31988525391
34764.6452121465,652.947326660156,-1347.05267333984,652.94732666016
34866.5943183405,678.908081054688,-1321.09191894531,678.90808105469
34968.5434245344,692.57373046875,-1307.42626953125,692.57373046875
35070.4925307284,711.515686035156,-1288.48431396484,711.51568603516
35172.4416369224,725.69873046875,-1274.30126953125,725.69873046875
35274.3907431164,726.924194335938,-1273.07580566406,726.92419433594
35376.3398493104,738.398620605469,-1261.60137939453,738.39862060547
35478.2889555043,747.148986816406,-1252.85101318359,747.14898681641
35580.2380616983,757.659912109375,-1242.34008789063,757.65991210937
35682.1871678923,770.051574707031,-1229.94842529297,770.05157470703
35784.1362740863,778.825988769531,-1221.17401123047,778.82598876953
35886.0853802802,784.057495117188,-1215.94250488281,784.05749511719
35988.0344864742,796.439697265625,-1203.56030273438,796.43969726562
36089.9835926682,800.655029296875,-1199.34497070313,800.65502929687
36191.9326988622,808.91748046875,-1191.08251953125,808.91748046875
36293.8818050562,814.227294921875,-1185.77270507813,814.22729492187
36395.8309112501,821.796325683594,-1178.20367431641,821.79632568359
36497.7800174441,829.768188476563,-1170.23181152344,829.76818847656
36599.7291236381,849.30859375,-1150.69140625,849.30859375
36701.6782298321,852.2177734375,-1147.7822265625,852.2177734375
36803.6273360261,853.931030273438,-1146.06896972656,853.93103027344
36905.57644222,857.290405273437,-1142.70959472656,857.29040527344
37007.525548414,859.749694824219,-1140.25030517578,859.74969482422
37109.474654608,873.04638671875,-1126.95361328125,873.04638671875
37211.423760802,888.239685058594,-1111.76031494141,888.23968505859
37313.3728669959,899.527709960938,-1100.47229003906,899.52770996094
37415.3219731899,915.840270996094,-1084.15972900391,915.84027099609
37517.2710793839,925.172485351563,-1074.82751464844,925.17248535156
37619.2201855779,938.487182617187,-1061.51281738281,938.48718261719
37721.1692917719,952.199523925781,-1047.80047607422,952.19952392578
37823.1183979658,960.58251953125,-1039.41748046875,960.58251953125
37925.0675041598,975.859802246094,-1024.14019775391,975.85980224609
38027.0166103538,986.000671386719,-1013.99932861328,986.00067138672
38128.9657165478,993.103515625,-1006.896484375,993.103515625
38230.9148227417,999.054626464844,-1000.94537353516,999.05462646484
38332.8639289357,1007.08001708984,-992.91998291016,1007.08001708984
38434.8130351297,1016.67797851563,-983.32202148437,1016.67797851563
38536.7621413237,1024.89294433594,-975.10705566406,1024.89294433594
38638.7112475177,1033.38598632813,-966.61401367187,1033.38598632813
38740.6603537116,1051.45104980469,-948.54895019531,1051.45104980469
38842.6094599056,1060.60400390625,-939.39599609375,1060.60400390625
38944.5585660996,1069.5830078125,-930.4169921875,1069.5830078125
39046.5076722936,1099.27697753906,-900.72302246094,1099.27697753906
39148.4567784876,1110.52099609375,-889.47900390625,1110.52099609375
39250.4058846815,1116.93798828125,-883.06201171875,1116.93798828125
39352.3549908755,1127.73803710938,-872.26196289062,1127.73803710938
39454.3040970695,1134.85705566406,-865.14294433594,1134.85705566406
39556.2532032635,1141.24499511719,-858.75500488281,1141.24499511719
39658.2023094574,1150.96997070313,-849.03002929687,1150.96997070313
39760.1514156514,1162.55700683594,-837.44299316406,1162.55700683594
39862.1005218454,1171.82397460938,-828.17602539062,1171.82397460938
39964.0496280394,1181.32202148438,-818.67797851562,1181.32202148438
40065.9987342334,1185.29895019531,-814.70104980469,1185.29895019531
40167.9478404273,1187.05200195313,-812.94799804687,1187.05200195313
40269.8969466213,1190.74499511719,-809.25500488281,1190.74499511719
40371.8460528153,1193.81103515625,-806.18896484375,1193.81103515625
40473.7951590093,1203.18896484375,-796.81103515625,1203.18896484375
40575.7442652032,1208.52404785156,-791.47595214844,1208.52404785156
40677.6933713972,1215.39294433594,-784.60705566406,1215.39294433594
40779.6424775912,1221.74499511719,-778.25500488281,1221.74499511719
40881.5915837852,1227.83996582031,-772.16003417969,1227.83996582031
40983.5406899792,1234.64501953125,-765.35498046875,1234.64501953125
41085.4897961731,1241.38403320313,-758.61596679687,1241.38403320313
41187.4389023671,1254.11596679688,-745.88403320312,1254.11596679688
41289.3880085611,1267.21704101563,-732.78295898437,1267.21704101563
41391.3371147551,1274.87902832031,-725.12097167969,1274.87902832031
41493.286220949,1289.32702636719,-710.67297363281,1289.32702636719
41595.235327143,1304.31701660156,-695.68298339844,1304.31701660156
41697.184433337,1313.23596191406,-686.76403808594,1313.23596191406
41799.133539531,1326.17602539063,-673.82397460937,1326.17602539063
41901.082645725,1328.81701660156,-671.18298339844,1328.81701660156
42003.0317519189,1340.57995605469,-659.42004394531,1340.57995605469
42104.9808581129,1349.96203613281,-650.03796386719,1349.96203613281
42206.9299643069,1364.76904296875,-635.23095703125,1364.76904296875
42308.8790705009,1383.72302246094,-616.27697753906,1383.72302246094
42410.8281766948,1393.34204101563,-606.65795898437,1393.34204101563
42512.7772828888,1395.72998046875,-604.27001953125,1395.72998046875
42614.7263890828,1400.55603027344,-599.44396972656,1400.55603027344
42716.6754952768,1404.30603027344,-595.69396972656,1404.30603027344
42818.6246014708,1412.208984375,-587.791015625,1412.208984375
42920.5737076647,1422.71801757813,-577.28198242187,1422.71801757813
43022.5228138587,1440.373046875,-559.626953125,1440.373046875
43124.4719200527,1452.98303222656,-547.01696777344,1452.98303222656
43226.4210262467,1457.52697753906,-542.47302246094,1457.52697753906
43328.3701324407,1463.68505859375,-536.31494140625,1463.68505859375
43430.3192386346,1479.53894042969,-520.46105957031,1479.53894042969
43532.2683448286,1506.56494140625,-493.43505859375,1506.56494140625
43634.2174510226,1530.41101074219,-469.58898925781,1530.41101074219
43736.1665572166,1558.83203125,-441.16796875,1558.83203125
43838.1156634105,1573.91003417969,-426.08996582031,1573.91003417969
43940.0647696045,1582.10705566406,-417.89294433594,1582.10705566406
44042.0138757985,1587.9189453125,-412.0810546875,1587.9189453125
44143.9629819925,1592.83801269531,-407.16198730469,1592.83801269531
44245.9120881865,1601.48803710938,-398.51196289062,1601.48803710938
44347.8611943804,1609.93103027344,-390.06896972656,1609.93103027344
44449.8103005744,1618.30798339844,-381.69201660156,1618.30798339844
44551.7594067684,1626.91198730469,-373.08801269531,1626.91198730469
44653.7085129624,1636.20397949219,-363.79602050781,1636.20397949219
44755.6576191563,1644.97094726563,-355.02905273437,1644.97094726563
44857.6067253503,1657.40600585938,-342.59399414062,1657.40600585938
44959.5558315443,1668.03295898438,-331.96704101562,1668.03295898438
45061.5049377383,1676.40698242188,-323.59301757812,1676.40698242188
45163.4540439323,1679.34997558594,-320.65002441406,1679.34997558594
45265.4031501262,1702.1669921875,-297.8330078125,1702.1669921875
45367.3522563202,1711.72399902344,-288.27600097656,1711.72399902344
45469.3013625142,1726.17797851563,-273.82202148437,1726.17797851563
45571.2504687082,1738.80102539063,-261.19897460937,1738.80102539063
45673.1995749021,1759.06103515625,-240.93896484375,1759.06103515625
45775.1486810961,1782.36804199219,-217.63195800781,1782.36804199219
45877.0977872901,1797.78503417969,-202.21496582031,1797.78503417969
45979.0468934841,1811.30895996094,-188.69104003906,1811.30895996094
46080.9959996781,1825.71398925781,-174.28601074219,1825.71398925781
46182.945105872,1845.62194824219,-154.37805175781,1845.62194824219
46284.894212066,1845.42395019531,-154.57604980469,1845.42395019531
46386.84331826,1855.77197265625,-144.22802734375,1855.77197265625
46488.792424454,1878.5830078125,-121.4169921875,1878.5830078125
46590.7415306479,1889.07702636719,-110.92297363281,1889.07702636719
46692.6906368419,1901.21398925781,-98.78601074219,1901.21398925781
46794.6397430359,1912.52197265625,-87.47802734375,1912.52197265625
46896.5888492299,1939.61694335938,-60.38305664062,1939.61694335938
46998.5379554239,1956.3349609375,-43.6650390625,1956.3349609375
47100.4870616178,1984.23803710938,-15.76196289062,1984.23803710938
47202.4361678118,2009.88903808594,9.88903808594,2009.88903808594
47304.3852740058,2042.81005859375,42.81005859375,2042.81005859375
47406.3343801998,2080.26806640625,80.26806640625,2080.26806640625
47508.2834863937,2132.92602539062,132.92602539062,2132.92602539062
47610.2325925877,2174.18701171875,174.18701171875,2174.18701171875
47712.1816987817,2223.46899414062,223.46899414062,2223.46899414062
47814.1308049757,2263.6240234375,263.6240234375,2263.6240234375
47916.0799111697,2299.56396484375,299.56396484375,2299.56396484375
48018.0290173636,2342.56298828125,342.56298828125,2342.56298828125
48119.9781235576,2390.32495117188,390.32495117188,2390.32495117188
48221.9272297516,2441.38305664063,441.38305664063,2441.38305664063
48323.8763359456,2479.23999023438,479.23999023438,2479.23999023438
48425.8254421396,2529.087890625,529.087890625,2529.087890625
48527.7745483335,2585.43896484375,585.43896484375,2585.43896484375
48629.7236545275,2636.44311523437,636.44311523437,2636.44311523437
48731.6727607215,2689.19091796875,689.19091796875,2689.19091796875
48833.6218669155,2755.287109375,755.287109375,2755.287109375
48935.5709731094,2817.75708007812,817.75708007812,2817.75708007812
49037.5200793034,2877.34692382812,877.34692382812,2877.34692382812
49139.4691854974,2919.26806640625,919.26806640625,2919.26806640625
49241.4182916914,2975.34497070313,975.34497070313,2975.34497070313
49343.3673978853,3003.39990234375,1003.39990234375,3003.39990234375
49445.3165040793,3035.96411132812,1035.96411132812,3035.96411132812
49547.2656102733,3063.51293945312,1063.51293945312,3063.51293945312
49649.2147164673,3081.52392578125,1081.52392578125,3081.52392578125
49751.1638226613,3117.57202148438,1117.57202148438,3117.57202148438
49853.1129288552,3143.27197265625,1143.27197265625,3143.27197265625
49955.0620350492,3176.1279296875,1176.1279296875,3176.1279296875
50057.0111412432,3229.09008789062,1229.09008789062,3229.09008789062
50158.9602474372,3258.73510742187,1258.73510742187,3258.73510742187
50260.9093536312,3267.47192382813,1267.47192382813,3267.47192382813
50362.8584598251,3266.48388671875,1266.48388671875,3266.48388671875
50464.8075660191,3254.419921875,1254.419921875,3254.419921875
50566.7566722131,3232.49291992187,1232.49291992187,3232.49291992187
50668.7057784071,3191.89990234375,1191.89990234375,3191.89990234375
50770.654884601,3176.19311523437,1176.19311523437,3176.19311523437
50872.603990795,3139.7119140625,1139.7119140625,3139.7119140625
50974.553096989,3092.64501953125,1092.64501953125,3092.64501953125
51076.502203183,3021.56811523438,1021.56811523438,3021.56811523438
51178.451309377,2978.99609375,978.99609375,2978.99609375
51280.4004155709,2953.28393554687,953.28393554687,2953.28393554687
51382.3495217649,2933.53002929687,933.53002929687,2933.53002929687
51484.2986279589,2906.40600585937,906.40600585937,2906.40600585937
51586.2477341529,2877.876953125,877.876953125,2877.876953125
51688.1968403468,2836.34399414063,836.34399414063,2836.34399414063
51790.1459465408,2794.61694335937,794.61694335937,2794.61694335937
51892.0950527348,2757.38696289062,757.38696289062,2757.38696289062
51994.0441589288,2721.76904296875,721.76904296875,2721.76904296875
52095.9932651228,2685.89697265625,685.89697265625,2685.89697265625
52197.9423713167,2650.89111328125,650.89111328125,2650.89111328125
52299.8914775107,2603.57006835937,603.57006835937,2603.57006835937
52401.8405837047,2564.26708984375,564.26708984375,2564.26708984375
52503.7896898987,2522.78491210937,522.78491210937,2522.78491210937
52605.7387960927,2491.50610351563,491.50610351563,2491.50610351563
52707.6879022866,2462.97094726562,462.97094726562,2462.97094726562
52809.6370084806,2432.76708984375,432.76708984375,2432.76708984375
52911.5861146746,2410.2080078125,410.2080078125,2410.2080078125
53013.5352208686,2368.01000976563,368.01000976563,2368.01000976563
53115.4843270625,2326.09399414063,326.09399414063,2326.09399414063
53217.4334332565,2277.06396484375,277.06396484375,2277.06396484375
53319.3825394505,2215.82788085938,215.82788085938,2215.82788085938
53421.3316456445,2156.93701171875,156.93701171875,2156.93701171875
53523.2807518385,2100.22290039063,100.22290039063,2100.22290039063
53625.2298580324,2058.80908203125,58.80908203125,2058.80908203125
53727.1789642264,2017.34704589844,17.34704589844,2017.34704589844
53829.1280704204,1999.38598632813,-0.614013671869998,1999.38598632813
53931.0771766144,1990.89794921875,-9.10205078125,1990.89794921875
54033.0262828083,1969.69995117188,-30.30004882812,1969.69995117188
54134.9753890023,1958.64404296875,-41.35595703125,1958.64404296875
54236.9244951963,1951.96899414063,-48.03100585937,1951.96899414063
54338.8736013903,1930.95202636719,-69.04797363281,1930.95202636719
54440.8227075843,1912.17102050781,-87.82897949219,1912.17102050781
54542.7718137782,1897.2939453125,-102.7060546875,1897.2939453125
54644.7209199722,1881.69799804688,-118.30200195312,1881.69799804688
54746.6700261662,1875.50305175781,-124.49694824219,1875.50305175781
54848.6191323602,1867.93896484375,-132.06103515625,1867.93896484375
54950.5682385541,1852.61303710938,-147.38696289062,1852.61303710938
55052.5173447481,1839.40698242188,-160.59301757812,1839.40698242188
55154.4664509421,1816.86096191406,-183.13903808594,1816.86096191406
55256.4155571361,1785.88903808594,-214.11096191406,1785.88903808594
55358.3646633301,1757.15002441406,-242.84997558594,1757.15002441406
55460.313769524,1733.50598144531,-266.49401855469,1733.50598144531
55562.262875718,1718.5,-281.5,1718.5
55664.211981912,1695.82897949219,-304.17102050781,1695.82897949219
55766.161088106,1644.2080078125,-355.7919921875,1644.2080078125
55868.1101942999,1586.96301269531,-413.03698730469,1586.96301269531
55970.0593004939,1533.54296875,-466.45703125,1533.54296875
56072.0084066879,1504.72302246094,-495.27697753906,1504.72302246094
56173.9575128819,1488.95300292969,-511.04699707031,1488.95300292969
56275.9066190759,1451.583984375,-548.416015625,1451.583984375
56377.8557252698,1387.958984375,-612.041015625,1387.958984375
56479.8048314638,1379.666015625,-620.333984375,1379.666015625
56581.7539376578,1378.39404296875,-621.60595703125,1378.39404296875
56683.7030438518,1388.71301269531,-611.28698730469,1388.71301269531
56785.6521500458,1437.92102050781,-562.07897949219,1437.92102050781
56887.6012562397,1498.68798828125,-501.31201171875,1498.68798828125
56989.5503624337,1501.46899414063,-498.53100585937,1501.46899414063
57091.4994686277,1501.84997558594,-498.15002441406,1501.84997558594
57193.4485748217,1486.63403320313,-513.36596679687,1486.63403320313
57295.3976810156,1433.27502441406,-566.72497558594,1433.27502441406
57397.3467872096,1362.93798828125,-637.06201171875,1362.93798828125
57499.2958934036,1323.42199707031,-676.57800292969,1323.42199707031
57601.2449995976,1328.47399902344,-671.52600097656,1328.47399902344
57703.1941057915,1319.38403320313,-680.61596679687,1319.38403320313
57805.1432119855,1301.21203613281,-698.78796386719,1301.21203613281
57907.0923181795,1276.2060546875,-723.7939453125,1276.2060546875
58009.0414243735,1254.28100585938,-745.71899414062,1254.28100585938
58110.9905305675,1223.25500488281,-776.74499511719,1223.25500488281
58212.9396367614,1212.38305664063,-787.61694335937,1212.38305664063
58314.8887429554,1191.20202636719,-808.79797363281,1191.20202636719
58416.8378491494,1176.81201171875,-823.18798828125,1176.81201171875
58518.7869553434,1159.00500488281,-840.99499511719,1159.00500488281
58620.7360615374,1141.32299804688,-858.67700195312,1141.32299804688
58722.6851677313,1130.99597167969,-869.00402832031,1130.99597167969
58824.6342739253,1117.84399414063,-882.15600585937,1117.84399414063
58926.5833801193,1105.17004394531,-894.82995605469,1105.17004394531
59028.5324863133,1099.92199707031,-900.07800292969,1099.92199707031
59130.4815925072,1081.9189453125,-918.0810546875,1081.9189453125
59232.4306987012,1065.84497070313,-934.15502929687,1065.84497070313
59334.3798048952,1050.70495605469,-949.29504394531,1050.70495605469
59436.3289110892,1035.09704589844,-964.90295410156,1035.09704589844
59538.2780172831,1012.05499267578,-987.94500732422,1012.05499267578
59640.2271234771,995.155700683594,-1004.84429931641,995.15570068359
59742.1762296711,977.501220703125,-1022.49877929688,977.50122070312
59844.1253358651,971.702575683594,-1028.29742431641,971.70257568359
59946.0744420591,962.946716308594,-1037.05328369141,962.94671630859
60048.023548253,949.689025878906,-1050.31097412109,949.68902587891
60149.972654447,934.486511230469,-1065.51348876953,934.48651123047
60251.921760641,916.42138671875,-1083.57861328125,916.42138671875
60353.870866835,902.658020019531,-1097.34197998047,902.65802001953
60455.819973029,892.382385253906,-1107.61761474609,892.38238525391
60557.7690792229,877.631713867187,-1122.36828613281,877.63171386719
60659.7181854169,866.385986328125,-1133.61401367188,866.38598632812
60761.6672916109,859.127624511719,-1140.87237548828,859.12762451172
60863.6163978049,856.337829589844,-1143.66217041016,856.33782958984
60965.5655039988,846.283020019531,-1153.71697998047,846.28302001953
61067.5146101928,836.463928222656,-1163.53607177734,836.46392822266
61169.4637163868,824.002685546875,-1175.99731445313,824.00268554687
61271.4128225808,811.519470214844,-1188.48052978516,811.51947021484
61373.3619287748,794.934326171875,-1205.06567382813,794.93432617187
61475.3110349687,774.127197265625,-1225.87280273438,774.12719726562
61577.2601411627,756.630920410156,-1243.36907958984,756.63092041016
61679.2092473567,760.747497558594,-1239.25250244141,760.74749755859
61781.1583535507,740.925170898437,-1259.07482910156,740.92517089844
61883.1074597446,719.552673339844,-1280.44732666016,719.55267333984
61985.0565659386,702.388977050781,-1297.61102294922,702.38897705078
62087.0056721326,690.284118652344,-1309.71588134766,690.28411865234
62188.9547783266,684.173828125,-1315.826171875,684.173828125
62290.9038845206,673.564086914063,-1326.43591308594,673.56408691406
62392.8529907145,666.094482421875,-1333.90551757813,666.09448242187
62494.8020969085,654.005981445313,-1345.99401855469,654.00598144531
62596.7512031025,645.538513183594,-1354.46148681641,645.53851318359
62698.7003092965,636.626281738281,-1363.37371826172,636.62628173828
62800.6494154904,617.859985351562,-1382.14001464844,617.85998535156
62902.5985216844,597.184326171875,-1402.81567382813,597.18432617187
63004.5476278784,580.706176757812,-1419.29382324219,580.70617675781
63106.4967340724,559.04638671875,-1440.95361328125,559.04638671875
63208.4458402664,577.468811035156,-1422.53118896484,577.46881103516
63310.3949464603,552.6240234375,-1447.3759765625,552.6240234375
63412.3440526543,528.984313964844,-1471.01568603516,528.98431396484
63514.2931588483,516.786071777344,-1483.21392822266,516.78607177734
63616.2422650423,508.222808837891,-1491.77719116211,508.22280883789
63718.1913712363,500.874298095703,-1499.1257019043,500.8742980957
63820.1404774302,488.18798828125,-1511.81201171875,488.18798828125
63922.0895836242,472.820495605469,-1527.17950439453,472.82049560547
64024.0386898182,456.748107910156,-1543.25189208984,456.74810791016
64125.9877960122,443.045288085937,-1556.95471191406,443.04528808594
64227.9369022061,432.143188476563,-1567.85681152344,432.14318847656
64329.8860084001,418.367004394531,-1581.63299560547,418.36700439453
64431.8351145941,400.833099365234,-1599.16690063477,400.83309936523
64533.7842207881,387.47509765625,-1612.52490234375,387.47509765625
64635.7333269821,374.403503417969,-1625.59649658203,374.40350341797
64737.682433176,371.728698730469,-1628.27130126953,371.72869873047
64839.63153937,365.773712158203,-1634.2262878418,365.7737121582
64941.580645564,349.395385742188,-1650.60461425781,349.39538574219
65043.529751758,338.307891845703,-1661.6921081543,338.3078918457
65145.4788579519,323.066497802734,-1676.93350219727,323.06649780273
65247.4279641459,314.307403564453,-1685.69259643555,314.30740356445
65349.3770703399,297.660003662109,-1702.33999633789,297.66000366211
65451.3261765339,285.329711914062,-1714.67028808594,285.32971191406
65553.2752827279,270.709594726562,-1729.29040527344,270.70959472656
65655.2243889218,261.654296875,-1738.345703125,261.654296875
65757.1734951158,247.750198364258,-1752.24980163574,247.75019836426
65859.1226013098,235.955093383789,-1764.04490661621,235.95509338379
65961.0717075038,223.310394287109,-1776.68960571289,223.31039428711
66063.0208136977,203.998001098633,-1796.00199890137,203.99800109863
66164.9699198917,182.518798828125,-1817.48120117188,182.51879882812
66266.9190260857,158.1376953125,-1841.8623046875,158.1376953125
66368.8681322797,146.47509765625,-1853.52490234375,146.47509765625
66470.8172384737,138.729904174805,-1861.2700958252,138.7299041748
66572.7663446676,126.052398681641,-1873.94760131836,126.05239868164
66674.7154508616,106.101303100586,-1893.89869689941,106.10130310059
66776.6645570556,87.2994613647461,-1912.70053863525,87.29946136475
66878.6136632496,69.3727722167969,-1930.6272277832,69.3727722168001
66980.5627694435,56.7106895446777,-1943.28931045532,56.71068954468
67082.5118756375,48.0949897766113,-1951.90501022339,48.09498977661
67184.4609818315,43.9889984130859,-1956.01100158691,43.98899841309
67286.4100880255,39.5206604003906,-1960.47933959961,39.5206604003899
67388.3591942195,33.5730400085449,-1966.42695999146,33.5730400085399
67490.3083004134,32.7398986816406,-1967.26010131836,32.7398986816399
67592.2574066074,32.0423202514648,-1967.95767974854,32.0423202514601
67694.2065128014,30.5143508911133,-1969.48564910889,30.5143508911101
67796.1556189954,29.8923397064209,-1970.10766029358,29.89233970642
67898.1047251893,27.2259407043457,-1972.77405929565,27.22594070435
68000.0538313833,23.2274303436279,-1976.77256965637,23.22743034363
68102.0029375773,19.800199508667,-1980.19980049133,19.8001995086699
68203.9520437713,20.1069507598877,-1979.89304924011,20.10695075989
68305.9011499653,17.2838401794434,-1982.71615982056,17.28384017944
68407.8502561592,14.7243604660034,-1985.275639534,14.724360466
68509.7993623532,9.50661563873291,-1990.49338436127,9.50661563872995
68611.7484685472,7.39647483825684,-1992.60352516174,7.39647483826002
68713.6975747412,5.32811784744263,-1994.67188215256,5.3281178474399
68815.6466809352,4.20737791061401,-1995.79262208939,4.20737791060992
68917.5957871291,2.95881795883179,-1997.04118204117,2.95881795882997
69019.5448933231,0.936781227588654,-1999.06321877241,0.936781227590018
69754.651606406,-15,-2015,-15
70167.4010241954,-69,-2069,-69
70580.1504419848,-131,-2131,-131
70992.8998597742,-182,-2182,-182
71405.6492775635,-222,-2222,-222
71818.3986953529,-285,-2285,-285
72231.1481131423,-250,-2250,-250
72643.8975309317,-263,-2263,-263
73056.6469487211,-288,-2288,-288
73469.3963665105,-246,-2246,-246
73882.1457842999,-192,-2192,-192
74294.8952020892,-169,-2169,-169
74707.6446198786,-173,-2173,-173
75120.394037668,-183,-2183,-183
75533.1434554574,-244,-2244,-244
75945.8928732468,-280,-2280,-280
76358.6422910362,-310,-2310,-310
76771.3917088255,-382,-2382,-382
77184.1411266149,-456,-2456,-456
77596.8905444043,-509,-2509,-509
78009.6399621937,-565,-2565,-565
78422.3893799831,-589,-2589,-589
78835.1387977725,-664,-2664,-664
79247.8882155619,-685,-2685,-685
79660.6376333512,-662,-2662,-662
80073.3870511406,-666,-2666,-666
80486.13646893,-682,-2682,-682
80898.8858867194,-690,-2690,-690
81311.6353045088,-707,-2707,-707
81724.3847222982,-764,-2764,-764
82137.1341400875,-763,-2763,-763
82549.8835578769,-758,-2758,-758
82962.6329756663,-821,-2821,-821
83375.3823934557,-816,-2816,-816
83788.1318112451,-884,-2884,-884
84200.8812290345,-996,-2996,-996
84613.6306468238,-1051,-3051,-1051
85026.3800646132,-1081,-3081,-1081
85439.1294824026,-1199,-3199,-1199
85851.878900192,-1144,-3144,-1144
86264.6283179814,-1150,-3150,-1150
86677.3777357708,-1174,-3174,-1174
87090.1271535602,-1199,-3199,-1199
87502.8765713495,-1205,-3205,-1205
87915.6259891389,-1262,-3262,-1262
88328.3754069283,-1295,-3295,-1295
88741.1248247177,-1328,-3328,-1328
89153.8742425071,-1367,-3367,-1367
89566.6236602965,-1461,-3461,-1461
89979.3730780858,-1509,-3509,-1509
90392.1224958752,-1634,-3634,-1634
90804.8719136646,-1639,-3639,-1639
91217.621331454,-1646,-3646,-1646
91630.3707492434,-1653,-3653,-1653
92043.1201670328,-1711,-3711,-1711
92455.8695848222,-1723,-3723,-1723
92868.6190026115,-1727,-3727,-1727
93281.3684204009,-1717,-3717,-1717
93694.1178381903,-1727,-3727,-1727
94106.8672559797,-1664,-3664,-1664
94519.6166737691,-1696,-3696,-1696
94932.3660915585,-1689,-3689,-1689
95345.1155093478,-1671,-3671,-1671
95757.8649271372,-1654,-3654,-1654
96170.6143449266,-1641,-3641,-1641
96583.363762716,-1626,-3626,-1626
96996.1131805054,-1625,-3625,-1625
97408.8625982948,-1616,-3616,-1616
97821.6120160842,-1620,-3620,-1620
98234.3614338735,-1635,-3635,-1635
98647.1108516629,-1643,-3643,-1643
99059.8602694523,-1643,-3643,-1643
99472.6096872417,-1644,-3644,-1644
99885.3591050311,-1638,-3638,-1638
100298.10852282,-1630,-3630,-1630
100710.85794061,-1626,-3626,-1626
